
{"Search":[{"Title":"Avé","Year":"2011","imdbID":"tt1833647","Type":"movie","Poster":"https://m.media-amazon.com/images/M/MV5BMTc4NjYyMzY4OF5BMl5BanBnXkFtZTcwMTkyNzkyNg@@._V1_SX300.jpg"},{"Title":"Ave Maria","Year":"2015","imdbID":"tt4419794","Type":"movie","Poster":"https://m.media-amazon.com/images/M/MV5BMTQ2MDkxMDMzM15BMl5BanBnXkFtZTgwNjU3ODE3NTE@._V1_SX300.jpg"},{"Title":"Gunman of Ave Maria","Year":"1969","imdbID":"tt0065104","Type":"movie","Poster":"https://m.media-amazon.com/images/M/MV5BMTI0OTg4MzExNF5BMl5BanBnXkFtZTcwNDEzOTcyMQ@@._V1_SX300.jpg"},{"Title":"Ave Maryam","Year":"2018","imdbID":"tt9307666","Type":"movie","Poster":"https://m.media-amazon.com/images/M/MV5BMzNmYzA4MTQtMTU0Yi00YTIyLWEzOGUtZTg3MTcwZjZiMzNmXkEyXkFqcGdeQXVyNzY4NDQzNTg@._V1_SX300.jpg"},{"Title":"Kenmore Ave","Year":"2005","imdbID":"tt0481556","Type":"movie","Poster":"https://m.media-amazon.com/images/M/MV5BMjIzMjc5MTAyNl5BMl5BanBnXkFtZTcwNDQ5MjIwNQ@@._V1_SX300.jpg"},{"Title":"Ave Kallu","Year":"1967","imdbID":"tt0371554","Type":"movie","Poster":"https://m.media-amazon.com/images/M/MV5BZGE0ZDA0ZjUtYjY1YS00NTY1LTg3MmQtNTg1YzBiZThiYzRiXkEyXkFqcGdeQXVyMzA0NTI2OTM@._V1_SX300.jpg"},{"Title":"Ave María","Year":"1999","imdbID":"tt0185897","Type":"movie","Poster":"https://m.media-amazon.com/images/M/MV5BMWFlMmU5MzQtNGRmNS00ZTY2LTljYWItMmNmMDc1N2FiMzFjXkEyXkFqcGdeQXVyMTk4MDgwNA@@._V1_SX300.jpg"},{"Title":"Fighters from Ave Maria","Year":"1970","imdbID":"tt0159091","Type":"movie","Poster":"https://m.media-amazon.com/images/M/MV5BOGJjNDY3YjgtZmJjYy00OWUxLWE3NTctN2RkZDBjYTZmZGUwXkEyXkFqcGdeQXVyMDY4MzkyNw@@._V1_SX300.jpg"},{"Title":"Ave Maria","Year":"2018","imdbID":"tt9598566","Type":"movie","Poster":"https://m.media-amazon.com/images/M/MV5BNDM1YjRhNjYtYTNhNS00MGIxLTk2YjMtZjcyMjc5MmVjYzdjXkEyXkFqcGdeQXVyNjIzOTM0NzE@._V1_SX300.jpg"},{"Title":"Ave Maria","Year":"1972","imdbID":"tt1240900","Type":"movie","Poster":"https://m.media-amazon.com/images/M/MV5BYjk3YmE4MjUtNDUyYi00YTU4LThjMTAtYjg1YmRkN2FjNjYyXkEyXkFqcGdeQXVyNTM3MDMyMDQ@._V1_SX300.jpg"}],"totalResults":"149","Response":"True"}
